{
  "smile": ["face", "happy", "joy", "funny", "haha", "laugh", "like"],
  "grinning": ["face", "smile", "happy", "joy"],
  "smiley": ["face", "happy", "joy", "haha"],
  "blush": ["face", "smile", "happy", "flushed", "crush", "embarrassed", "shy", "joy"],
  "relaxed": ["face", "blush", "massage", "happiness"],
  "wink": ["face", "happy", "mischievous", "secret"],
  "heart_eyes": ["face", "love", "like", "affection", "valentines", "infatuation", "crush"],
  "kissing_heart": ["face", "love", "like", "affection", "valentines", "infatuation"],
  "kissing_closed_eyes": ["face", "love", "like", "affection", "valentines", "infatuation"],
  "kissing": ["love", "like", "face", "3", "valentines", "infatuation"],
  "kissing_smiling_eyes": ["face", "affection", "valentines", "infatuation"],
  "stuck_out_tongue_winking_eye": ["face", "prank", "childish", "playful", "mischievous", "smile"],
  "stuck_out_tongue_closed_eyes": ["face", "prank", "playful", "mischievous", "smile"],
  "stuck_out_tongue": ["face", "prank", "childish", "playful", "mischievous", "smile"],
  "flushed": ["face", "blush", "shy", "flattered"],
  "grin": ["face", "happy", "smile", "joy"],
  "pensive": ["face", "sad", "depressed", "okay", "upset"],
  "relieved": ["face", "relaxed", "phew", "massage", "happiness"],
  "unamused": ["indifference", "bored", "straight face", "serious"],
  "disappointed": ["face", "sad", "upset", "depressed"],
  "persevere": ["face", "sick", "no", "upset"],
  "cry": ["face", "tears", "sad", "depressed", "upset"],
  "joy": ["face", "cry", "tears", "weep", "happy", "haha"],
  "sob": ["face", "cry", "tears", "sad", "upset", "depressed"],
  "sleepy": ["face", "tired", "rest", "nap"],
  "disappointed_relieved": ["face", "phew", "sweat", "nervous"],
  "cold_sweat": ["face", "nervous"],
  "sweat_smile": ["face", "hot", "happy", "laugh"],
  "sweat": ["face", "hot", "sad", "tired", "exercise"],
  "weary": ["face", "tired", "sleepy", "sad", "frustrated", "upset"],
  "tired_face": ["sick", "whine", "upset", "frustrated"],
  "fearful": ["face", "scared", "terrified", "nervous", "oops", "huh"],
  "scream": ["face", "munch", "scared", "omg"],
  "angry": ["mad", "face", "annoyed", "frustrated"],
  "triumph": ["face", "gas", "phew", "proud", "pride"],
  "confounded": ["face", "confused", "sick", "unwell"],
  "satisfied": ["haha", "happy", "face", "joy", "glad"],
  "yum": ["happy", "joy", "tongue", "smile", "face", "silly"],
  "mask": ["face", "sick", "ill", "disease"],
  "sunglasses": ["face", "cool", "smile", "summer"],
  "sleeping": ["face", "tired", "sleepy", "night", "zzz"],
  "dizzy_face": ["spent", "unconscious", "xox"],
  "astonished": ["face", "xox", "surprised", "poisoned"],
  "worried": ["face", "concern", "nervous"],
  "frowning": ["face", "aw", "what"],
  "anguished": ["face", "stunned", "nervous"],
  "smiling_imp": ["devil", "horns"],
  "imp": ["devil", "angry", "horns"],
  "open_mouth": ["face", "surprise", "impressed", "wow"],
  "grimacing": ["face", "grimace", "teeth"],
  "neutral_face": ["indifference", "meh"],
  "confused": ["face", "indifference", "huh", "weird"],
  "hushed": ["face", "woo", "shh"],
  "no_mouth": ["face", "hellokitty"],
  "innocent": ["face", "angel", "heaven", "halo"],
  "smirk": ["face", "smile", "mean", "prank", "smug", "sarcasm"],
  "expressionless": ["face", "indifferent", "-_-", "meh"],
  "man_with_gua_pi_mao": ["male", "boy"],
  "man_with_turban": ["male", "indian", "hinduism", "arabs"],
  "cop": ["man", "police", "law", "legal", "enforcement", "arrest", "911"],
  "construction_worker": ["male", "human", "wip", "guy"],
  "guardsman": ["uk", "gb", "british", "male", "guy", "royal"],
  "baby": ["child", "boy", "girl", "toddler"],
  "boy": ["man", "male", "guy", "teenager"],
  "girl": ["female", "woman", "teenager"],
  "man": ["mustache", "father", "dad", "guy", "classy", "sir"],
  "woman": ["female", "girls", "lady"],
  "older_man": ["human", "male", "men"],
  "older_woman": ["female", "women", "girl", "lady"],
  "person_with_blond_hair": ["man", "male", "boy", "blonde", "guy"],
  "angel": ["heaven", "wings", "halo"],
  "princess": ["girl", "woman", "female", "blond", "crown", "royal", "queen"],
  "smile_cat": ["animal", "cats"],
  "heart_eyes_cat": ["animal", "love", "like", "affection", "cats", "valentines"],
  "kissing_cat": ["animal", "cats"],
  "smirk_cat": ["animal", "cats"],
  "scream_cat": ["animal", "cats", "munch", "scared"],
  "crying_cat_face": ["animal", "tears", "weep", "sad", "cats", "upset"],
  "joy_cat": ["animal", "cats", "haha", "happy", "tears"],
  "pouting_cat": ["animal", "cats"],
  "smiley_cat": ["animal", "cats", "happy"],
  "japanese_goblin": ["red", "evil", "mask", "monster", "scary", "creepy"],
  "see_no_evil": ["monkey", "animal", "nature", "haha"],
  "hear_no_evil": ["animal", "monkey", "nature"],
  "speak_no_evil": ["monkey", "animal", "nature", "omg"],
  "skull": ["dead", "skeleton", "creepy"],
  "alien": ["UFO", "paul"],
  "hankey": ["poop", "shitface"],
  "poop": ["shitface"],
  "shit": ["poop", "shitface"],
  "fire": ["hot", "cook", "flame"],
  "sparkles": ["stars", "shine", "shiny", "cool", "awesome", "good"],
  "star2": ["night", "sparkle", "awesome", "good"],
  "dizzy": ["star", "sparkle", "shoot"],
  "boom": ["bomb", "explode", "explosion"],
  "collision": ["boom", "bomb", "blown"],
  "anger": ["angry", "mad"],
  "sweat_drops": ["water", "drip"],
  "droplet": ["water", "drip", "faucet"],
  "zzz": ["sleepy", "tired"],
  "ear": ["face", "hear", "sound", "listen"],
  "eyes": ["look", "watch", "stalk", "peek"],
  "nose": ["smell", "sniff"],
  "tongue": ["mouth", "playful"],
  "lips": ["mouth", "kiss"],
  "+1": ["thumbsup", "yes", "awesome", "good", "agree", "accept"],
  "thumbsup": ["cool", "hand", "yes", "like"],
  "-1": ["thumbsdown", "no", "dislike"],
  "thumbsdown": ["hand", "no", "dislike"],
  "ok_hand": ["fingers", "limbs", "perfect"],
  "punch": ["hand", "fist"],
  "facepunch": ["angry", "violence", "fist", "hit", "attack"],
  "fist": ["fingers", "hand", "grasp"],
  "v": ["fingers", "ohyeah", "hand", "peace", "victory", "two"],
  "wave": ["hands", "gesture", "goodbye", "solong", "farewell", "hello", "palm"],
  "hand": ["fingers", "stop", "highfive", "palm"],
  "open_hands": ["fingers", "butterfly"],
  "point_up": ["hand", "fingers", "direction"],
  "point_down": ["fingers", "hand", "direction"],
  "point_right": ["fingers", "hand", "direction"],
  "point_left": ["direction", "fingers", "hand"],
  "raised_hands": ["gesture", "hooray", "yea", "celebration"],
  "pray": ["please", "hope", "wish", "namaste", "highfive"],
  "point_up_2": ["fingers", "hand", "direction"],
  "clap": ["hands", "praise", "applause", "congrats", "yay"],
  "muscle": ["arm", "flex", "hand", "summer"],
  "walking": ["human", "feet", "steps"],
  "runner": ["man", "walking", "exercise", "race"],
  "running": ["man", "walking", "exercise", "fun", "race"],
  "dancer": ["female", "girl", "woman", "fun"],
  "couple": ["people", "human", "love", "date", "dating", "like", "affection", "valentines", "marriage"],
  "family": ["home", "parents", "child", "mom", "dad", "father", "mother", "people", "human"],
  "two_men_holding_hands": ["couple", "love", "like", "bromance", "friendship", "people", "human"],
  "two_women_holding_hands": ["friendship", "couple", "love", "like", "female", "people", "human"],
  "couplekiss": ["valentines", "love", "like", "dating", "marriage"],
  "couple_with_heart": ["love", "like", "affection", "human", "dating", "valentines", "marriage"],
  "dancers": ["female", "bunny", "women", "girls"],
  "ok_woman": ["women", "girl", "female", "pink", "human"],
  "no_good": ["female", "girl", "woman", "nope"],
  "information_desk_person": ["female", "girl", "woman", "human"],
  "raised_hand": ["female", "girl", "woman", "ban", "palm"],
  "massage": ["female", "girl", "woman", "head"],
  "haircut": ["female", "girl", "woman"],
  "nail_care": ["beauty", "manicure"],
  "bride_with_veil": ["couple", "marriage", "wedding"],
  "person_with_pouting_face": ["female", "girl", "woman"],
  "person_frowning": ["female", "girl", "woman", "sad", "depressed", "discouraged", "unhappy"],
  "bow": ["man", "male", "boy"],
  "tophat": ["magic", "gentleman", "classy"],
  "crown": ["king", "kod", "leader", "royalty", "lord"],
  "womans_hat": ["fashion", "accessories", "female", "lady"],
  "athletic_shoe": ["shoes", "sports"],
  "shoe": ["accessories", "fashion"],
  "mans_shoe": ["fashion", "male"],
  "sandal": ["shoes", "fashion"],
  "high_heel": ["fashion", "shoes", "female", "pumps"],
  "boot": ["shoes", "fashion"],
  "tshirt": ["cloth", "fashion", "casual"],
  "shirt": ["fashion", "cloth"],
  "necktie": ["shirt", "suitup", "formal", "fashion", "cloth", "business"],
  "womans_clothes": ["fashion", "shopping", "female"],
  "dress": ["clothes", "fashion", "shopping"],
  "running_shirt_with_sash": ["play", "pageant"],
  "jeans": ["fashion", "shopping"],
  "kimono": ["dress", "fashion", "women", "female", "japanese"],
  "bikini": ["swimming", "female", "woman", "girl", "fashion", "beach", "summer"],
  "briefcase": ["business", "documents", "work", "law", "legal"],
  "handbag": ["fashion", "accessory", "accessories"],
  "pouch": ["bag", "accessories"],
  "purse": ["fashion", "accessories", "money", "sales"],
  "eyeglasses": ["fashion", "accessories", "eyesight", "nerd", "dork"],
  "ribbon": ["decoration", "pink", "girl", "bowtie"],
  "closed_umbrella": ["weather", "rain", "drizzle"],
  "lipstick": ["female", "girl", "fashion", "woman"],
  "yellow_heart": ["love", "like", "affection", "valentines"],
  "blue_heart": ["love", "like", "affection", "valentines"],
  "purple_heart": ["love", "like", "affection", "valentines"],
  "green_heart": ["love", "like", "affection", "valentines"],
  "heart": ["love", "like", "valentines"],
  "broken_heart": ["sad", "sorry", "break"],
  "heartpulse": ["like", "love", "affection", "valentines", "pink"],
  "heartbeat": ["love", "like", "affection", "valentines", "pink"],
  "two_hearts": ["love", "like", "affection", "valentines"],
  "sparkling_heart": ["love", "like", "affection", "valentines"],
  "revolving_hearts": ["love", "like", "affection", "valentines"],
  "cupid": ["love", "like", "heart", "affection", "valentines"],
  "love_letter": ["email", "like", "affection", "envelope", "valentines"],
  "kiss": ["face", "lips", "love", "like", "affection", "valentines"],
  "ring": ["wedding", "propose", "marriage", "valentines", "diamond"],
  "gem": ["blue", "ruby", "diamond"],
  "bust_in_silhouette": ["user", "person", "human"],
  "busts_in_silhouette": ["user", "person", "human", "group", "team"],
  "speech_balloon": ["bubble", "words", "message", "talk", "chatting"],
  "footprints": ["feet", "tracking", "walking"],
  "thought_balloon": ["bubble", "cloud", "speech", "thinking"],
  "dog": ["animal", "friend", "nature", "woof", "puppy", "pet", "faithful"],
  "wolf": ["animal", "nature", "wild"],
  "cat": ["animal", "meow", "nature", "pet"],
  "mouse": ["animal", "nature", "cheese"],
  "hamster": ["animal", "nature"],
  "rabbit": ["animal", "nature", "pet"],
  "frog": ["animal", "nature", "croak"],
  "tiger": ["animal", "cat", "danger", "wild", "nature", "roar"],
  "koala": ["animal", "nature"],
  "bear": ["animal", "nature", "wild"],
  "pig": ["animal", "oink", "nature"],
  "pig_nose": ["animal", "oink"],
  "cow": ["beef", "ox", "animal", "nature", "moo", "milk"],
  "boar": ["animal", "nature"],
  "monkey": ["animal", "nature", "banana"],
  "monkey_face": ["animal", "nature"],
  "horse": ["animal", "brown", "nature", "unicorn"],
  "sheep": ["animal", "nature", "wool", "shipit"],
  "elephant": ["animal", "nature", "nose", "thailand"],
  "panda_face": ["animal", "nature"],
  "penguin": ["animal", "nature"],
  "bird": ["animal", "nature", "fly", "tweet"],
  "baby_chick": ["animal", "chicken"],
  "hatched_chick": ["animal", "chicken", "baby"],
  "hatching_chick": ["animal", "chicken", "egg", "born"],
  "chicken": ["animal", "cluck", "nature"],
  "snake": ["animal", "evil", "nature", "hiss"],
  "turtle": ["animal", "slow", "nature", "tortoise"],
  "bug": ["insect", "nature", "worm"],
  "honeybee": ["animal", "insect", "nature"],
  "bee": ["animal", "insect", "nature"],
  "ant": ["animal", "insect", "nature"],
  "beetle": ["insect", "nature"],
  "snail": ["slow", "animal", "shell"],
  "octopus": ["animal", "creature", "ocean", "sea", "nature"],
  "shell": ["nature", "sea", "beach"],
  "tropical_fish": ["animal", "swim", "ocean"],
  "fish": ["animal", "food", "nature"],
  "dolphin": ["animal", "nature", "fish", "sea", "ocean", "flipper", "fins"],
  "whale": ["animal", "nature", "sea", "ocean"],
  "whale2": ["animal", "nature", "sea", "ocean"],
  "cow2": ["beef", "ox", "animal", "nature", "moo", "milk"],
  "ram": ["animal", "sheep", "nature"],
  "rat": ["animal", "mouse", "rodent"],
  "water_buffalo": ["animal", "nature", "ox", "cow"],
  "tiger2": ["animal", "nature", "roar"],
  "rabbit2": ["animal", "nature", "pet"],
  "dragon": ["animal", "myth", "nature", "chinese", "green"],
  "racehorse": ["animal", "gamble"],
  "goat": ["animal", "nature"],
  "rooster": ["animal", "nature", "chicken"],
  "dog2": ["animal", "nature", "friend", "doge", "pet", "faithful"],
  "pig2": ["animal", "nature"],
  "mouse2": ["animal", "nature", "rodent"],
  "ox": ["animal", "cow", "beef"],
  "dragon_face": ["animal", "myth", "nature", "chinese", "green"],
  "blowfish": ["nature", "food", "sea", "ocean"],
  "crocodile": ["animal", "nature", "reptile"],
  "camel": ["animal", "nature", "hot", "desert", "hump"],
  "dromedary_camel": ["animal", "hot", "desert", "hump"],
  "leopard": ["animal", "nature"],
  "cat2": ["animal", "meow", "pet", "cats"],
  "poodle": ["dog", "animal", "101", "nature", "pet"],
  "paw_prints": ["animal", "dog", "cat", "pet"],
  "bouquet": ["flowers", "nature"],
  "cherry_blossom": ["flower", "nature", "plant"],
  "tulip": ["flowers", "plant", "nature"],
  "four_leaf_clover": ["vegetable", "plant", "nature", "lucky"],
  "rose": ["flowers", "valentines", "love"],
  "sunflower": ["nature", "plant"],
  "hibiscus": ["plant", "vegetable", "flowers"],
  "maple_leaf": ["nature", "plant", "vegetable", "canada"],
  "leaves": ["nature", "plant", "tree", "vegetable", "grass", "lawn"],
  "fallen_leaf": ["nature", "plant", "vegetable", "leaves"],
  "herb": ["vegetable", "plant", "medicine", "weed", "grass", "lawn"],
  "ear_of_rice": ["nature", "plant"],
  "mushroom": ["plant", "vegetable"],
  "cactus": ["vegetable", "plant", "nature"],
  "palm_tree": ["plant", "vegetable", "nature", "summer"],
  "evergreen_tree": ["plant", "nature"],
  "deciduous_tree": ["plant", "nature"],
  "chestnut": ["food", "squirrel"],
  "seedling": ["plant", "nature", "grass", "lawn"],
  "blossom": ["nature", "flowers", "yellow"],
  "globe_with_meridians": ["earth", "international", "world", "internet", "interweb"],
  "sun_with_face": ["nature", "morning", "sky"],
  "full_moon_with_face": ["nature", "twilight", "planet", "space", "night", "evening", "sleep"],
  "new_moon_with_face": ["nature", "twilight", "planet", "space", "night", "evening", "sleep"],
  "new_moon": ["nature", "twilight", "planet", "space", "night", "evening", "sleep"],
  "waxing_crescent_moon": ["nature", "twilight", "planet", "space", "night", "evening", "sleep"],
  "first_quarter_moon": ["nature", "twilight", "planet", "space", "night", "evening", "sleep"],
  "moon": ["nature", "night", "sky", "gray", "twilight", "planet", "space", "evening", "sleep"],
  "full_moon": ["nature", "yellow", "twilight", "planet", "space", "night", "evening", "sleep"],
  "waning_gibbous_moon": ["nature", "twilight", "planet", "space", "night", "evening", "sleep"],
  "last_quarter_moon": ["nature", "twilight", "planet", "space", "night", "evening", "sleep"],
  "waning_crescent_moon": ["nature", "twilight", "planet", "space", "night", "evening", "sleep"],
  "last_quarter_moon_with_face": ["nature", "twilight", "planet", "space", "night", "evening", "sleep"],
  "first_quarter_moon_with_face": ["nature", "twilight", "planet", "space", "night", "evening", "sleep"],
  "crescent_moon": ["night", "sleep", "sky", "evening"],
  "earth_africa": ["globe", "world", "international"],
  "earth_americas": ["globe", "world", "USA", "international"],
  "earth_asia": ["globe", "world", "east", "international"],
  "volcano": ["photo", "nature", "disaster"],
  "milky_way": ["photo", "space", "stars"],
  "stars": ["night", "photo"],
  "star": ["night", "yellow"],
  "sunny": ["weather", "nature", "brightness", "summer"],
  "partly_sunny": ["weather", "nature", "cloudy", "morning"],
  "cloud": ["weather", "sky"],
  "zap": ["thunder", "weather", "lightning bolt"],
  "umbrella": ["rainy", "weather"],
  "snowflake": ["winter", "season", "cold", "weather", "christmas", "xmas"],
  "snowman": ["winter", "season", "cold", "weather", "christmas", "xmas", "frozen"],
  "cyclone": ["weather", "swirl", "blue", "cloud"],
  "foggy": ["photo", "mountain"],
  "rainbow": ["nature", "happy", "unicorn", "photo", "sky"],
  "ocean": ["sea", "water", "wave", "nature", "tsunami", "disaster"],
  "100": ["score", "perfect", "numbers", "century"],
  "1234": ["numbers", "blue-square"],
  "8ball": ["pool", "hobby", "game"],
  "a": ["red-square", "alphabet", "letter"],
  "ab": ["red-square", "alphabet"],
  "abc": ["blue-square", "alphabet"],
  "abcd": ["blue-square", "alphabet"],
  "accept": ["ok", "good", "chinese", "kanji", "agree", "yes", "orange-circle"],
  "aerial_tramway": ["transportation", "vehicle"],
  "airplane": ["vehicle", "transportation", "flight"],
  "alarm_clock": ["time", "wake"],
  "ambulance": ["health", "911", "hospital"],
  "anchor": ["ship", "ferry"],
  "clock7": ["time", "late", "early", "schedule"],
  "clock730": ["time", "late", "early", "schedule"],
  "clock8": ["time", "late", "early", "schedule"],
  "clock830": ["time", "late", "early", "schedule"],
  "clock9": ["time", "late", "early", "schedule"],
  "clock930": ["time", "late", "early", "schedule"],
  "closed_book": ["read", "library", "knowledge", "textbook"],
  "closed_lock_with_key": ["security", "privacy"],
  "clubs": ["poker", "cards"],
  "cn": ["china", "chinese", "prc", "flag", "country", "nation", "banner"],
  "cocktail": ["drink", "drunk", "alcohol", "beverage"],
  "coffee": ["drink", "beverage", "cafe", "espresso"],
  "computer": ["tech", "laptop"],
  "confetti_ball": ["festival", "party", "birthday"],
  "hash": ["symbol", "blue-square", "twitter"],
  "headphones": ["music", "score", "gadgets"],
  "heart_decoration": ["purple-square", "love", "like"],
  "hearts": ["poker", "cards"],
  "heavy_check_mark": ["ok", "nike"],
  "heavy_division_sign": ["divide", "math", "calculation"],
  "heavy_dollar_sign": ["money", "sales", "payment", "currency"],
  "heavy_exclamation_mark": ["surprise", "danger", "punctuation", "warning"],
  "heavy_minus_sign": ["math", "calculation", "subtract", "less"],
  "heavy_multiplication_x": ["math", "calculation"],
  "notes": ["music", "score"],
  "nut_and_bolt": ["handy", "tools"],
  "o": ["circle", "round"],
  "o2": ["alphabet", "red-square", "letter"],
  "octocat": ["animal", "octopus", "github", "ghonly"],
  "oden": ["food", "japanese"],
  "office": ["building", "bureau", "work"],
  "ok": ["good", "agree", "yes", "blue-square"],
  "on": ["arrow", "words"],
  "oncoming_automobile": ["car", "vehicle", "transportation"],
  "oncoming_bus": ["vehicle", "transportation"],
  "oncoming_police_car": ["vehicle", "law", "legal", "enforcement", "911"],
  "oncoming_taxi": ["vehicle", "cars", "uber"],
  "one": ["blue-square", "numbers", "1"],
  "smoking": ["kills", "tobacco", "cigarette"],
  "snowboarder": ["sports", "winter"],
  "soccer": ["sports", "balls", "football", "fifa"],
  "soon": ["arrow", "words"],
  "sos": ["help", "red-square", "words", "emergency", "911"],
  "sound": ["volume", "speaker"],
  "space_invader": ["game", "arcade", "play"],
  "spades": ["poker", "cards"],
  "spaghetti": ["food", "italian", "noodle"],
  "sparkle": ["stars", "green-square", "awesome", "good", "fireworks"],
  "sparkler": ["stars", "night", "shine"],
  "congratulations": ["chinese", "kanji", "japanese", "red-circle"],
  "heavy_plus_sign": ["math", "calculation"],
  "open_book": ["read", "library", "knowledge"],
  "apple": ["fruit", "mac"],
  "construction": ["wip", "progress", "caution", "warning"],
  "helicopter": ["transportation", "vehicle"],
  "open_file_folder": ["documents", "load"],
  "speaker": ["volume", "sound"],
  "aquarius": ["sign", "purple-square", "zodiac"],
  "aries": ["sign", "purple-square", "zodiac"],
  "convenience_store": ["building", "shopping", "groceries"],
  "speedboat": ["ship", "transportation", "vehicle", "summer"],
  "arrow_backward": ["blue-square"],
  "cookie": ["food", "snack", "oreo", "chocolate", "sweet", "dessert"],
  "high_brightness": ["sun", "light"],
  "ophiuchus": ["sign", "purple-square", "constellation"],
  "squirrel": ["animal", "sherlock", "inspector", "dectective"],
  "arrow_double_down": ["blue-square"],
  "cool": ["words", "blue-square"],
  "orange_book": ["read", "library", "knowledge", "textbook"],
  "arrow_double_up": ["blue-square"],
  "hocho": ["knife", "blade", "cutlery"],
  "outbox_tray": ["inbox", "email"],
  "arrow_down": ["blue-square"],
  "copyright": ["ip", "license", "circle", "law", "legal"],
  "honey_pot": ["bees", "sweet"],
  "arrow_down_small": ["blue-square"],
  "corn": ["food", "vegetable", "plant"],
  "package": ["mail", "gift", "cardboard", "box", "moving"],
  "station": ["transportation", "vehicle", "public"],
  "arrow_forward": ["blue-square"],
  "page_facing_up": ["documents", "office", "paper", "information"],
  "statue_of_liberty": ["american", "newyork"],
  "arrow_heading_down": ["blue-square"],
  "page_with_curl": ["documents", "office", "paper"],
  "steam_locomotive": ["transportation", "vehicle", "train"],
  "arrow_heading_up": ["blue-square"],
  "hospital": ["building", "health", "surgery", "doctor"],
  "pager": ["bbcall", "oldschool"],
  "stew": ["food", "meat", "soup"],
  "arrow_left": ["blue-square", "previous"],
  "hotel": ["building", "whotel", "accomodation", "checkin"],
  "straight_ruler": ["stationery", "calculate", "length", "math", "school", "drawing", "architect", "sketch"],
  "arrow_lower_left": ["blue-square"],
  "hotsprings": ["bath", "warm", "relax"],
  "strawberry": ["fruit", "food", "nature"],
  "arrow_lower_right": ["blue-square"],
  "credit_card": ["money", "sales", "dollar", "bill", "payment"],
  "hourglass": ["time", "clock", "oldschool"],
  "paperclip": ["documents", "stationery"],
  "arrow_right": ["blue-square", "next"],
  "hourglass_flowing_sand": ["oldschool", "time", "countdown"],
  "parking": ["cars", "blue-square", "alphabet", "letter"],
  "arrow_right_hook": ["blue-square", "return", "rotade", "direction"],
  "house": ["building", "home"],
  "part_alternation_mark": ["graph", "presentation", "stats", "business", "economics", "bad"],
  "arrow_up": ["blue-square", "continue", "top", "direction"],
  "crossed_flags": ["japanese", "nation", "country", "border"],
  "house_with_garden": ["home", "plant", "nature"],
  "arrow_up_down": ["blue-square", "direction", "way"],
  "hurtrealbad": ["mad", "injured", "doom", "oldschool"],
  "passport_control": ["custom", "blue-square"],
  "arrow_up_small": ["blue-square", "triangle", "direction", "point", "forward"],
  "arrow_upper_left": ["blue-square", "point", "direction"],
  "ice_cream": ["food", "hot", "dessert"],
  "peach": ["fruit", "nature", "food"],
  "arrow_upper_right": ["blue-square", "point", "direction"],
  "crystal_ball": ["disco", "party"],
  "icecream": ["food", "hot", "dessert", "summer"],
  "pear": ["fruit", "nature", "food"],
  "sunrise": ["morning", "view", "vacation", "photo"],
  "arrows_clockwise": ["sync", "cycle", "round", "repeat"],
  "id": ["purple-square", "words"],
  "pencil": ["stationery", "documents", "paper", "writing", "write"],
  "sunrise_over_mountains": ["view", "vacation", "photo"],
  "arrows_counterclockwise": ["blue-square", "sync", "cycle"],
  "curly_loop": ["scribble", "draw", "shape"],
  "ideograph_advantage": ["chinese", "kanji", "obtain", "get", "circle"],
  "pencil2": ["stationery", "write", "paper", "writing"],
  "surfer": ["sports", "ocean", "sea", "summer"],
  "art": ["design", "paint", "draw"],
  "currency_exchange": ["money", "sales", "dollar", "travel"],
  "sushi": ["food", "fish", "japanese", "rice"],
  "articulated_lorry": ["vehicle", "cars", "transportation", "express"],
  "curry": ["food", "spicy", "hot", "indian"],
  "inbox_tray": ["email", "documents"],
  "suspect": ["mad", "ghonly"],
  "custard": ["dessert", "food"],
  "incoming_envelope": ["email", "inbox"],
  "performing_arts": ["acting", "theater", "drama"],
  "suspension_railway": ["vehicle", "transportation"],
  "customs": ["passport", "border", "blue-square"],
  "atm": ["money", "sales", "cash", "blue-square", "payment", "bank"],
  "information_source": ["blue-square", "alphabet", "letter"],
  "b": ["red-square", "alphabet", "letter"],
  "interrobang": ["wat", "punctuation", "surprise"],
  "sweet_potato": ["food", "nature"],
  "baby_bottle": ["food", "container", "milk"],
  "dango": ["food", "barbecue", "meat"],
  "iphone": ["technology", "apple", "gadgets", "dial"],
  "phone": ["technology", "communication", "dial", "telephone"],
  "swimmer": ["sports", "exercise", "human", "athlete", "water", "summer"],
  "dart": ["game", "play", "bar"],
  "it": ["italy", "flag", "nation", "country", "banner"],
  "symbols": ["blue-square"],
  "baby_symbol": ["orange-square", "child"],
  "dash": ["wind", "air", "fast", "shoo", "fart", "smoke", "puff"],
  "izakaya_lantern": ["light", "paper", "halloween"],
  "syringe": ["health", "hospital", "drugs", "blood", "medicine", "needle"],
  "back": ["arrow", "words", "return"],
  "date": ["calendar", "schedule"],
  "jack_o_lantern": ["halloween", "light", "pumpkin", "creepy"],
  "tada": ["party", "contulations", "birthday"],
  "baggage_claim": ["blue-square", "airport", "transport"],
  "de": ["german", "nation", "flag", "country", "banner"],
  "japan": ["nation", "country", "japanese", "asia"],
  "pill": ["health", "medicine"],
  "tanabata_tree": ["plant", "nature", "branch"],
  "balloon": ["party", "celebration", "birthday"],
  "japanese_castle": ["photo", "building"],
  "pineapple": ["fruit", "nature", "food"],
  "tangerine": ["food", "fruit", "nature"],
  "ballot_box_with_check": ["ok", "agree", "confirm", "black-square", "vote", "election"],
  "department_store": ["building", "shopping", "mall"],
  "pisces": ["purple-square", "sign", "zodiac"],
  "taurus": ["purple-square", "sign", "zodiac"],
  "bamboo": ["plant", "nature", "vegetable", "panda"],
  "diamond_shape_with_a_dot_inside": ["jewel"],
  "japanese_ogre": ["monster", "red", "mask", "halloween", "scary", "creepy", "devil", "demon"],
  "pizza": ["food", "party"],
  "taxi": ["uber", "vehicle", "cars", "transportation"],
  "banana": ["fruit", "food"],
  "diamonds": ["poker", "cards"],
  "tea": ["drink", "bowl", "breakfast", "green", "british"],
  "bangbang": ["exclamation", "surprise"],
  "telephone": ["communication", "technology", "dial"],
  "bank": ["building", "money", "sales", "cash", "business", "enterprise"],
  "telephone_receiver": ["technology", "communication", "dial"],
  "bar_chart": ["graph", "presentation", "stats"],
  "jp": ["japanese", "nation", "flag", "country", "banner"],
  "telescope": ["stars", "space"],
  "barber": ["hair", "salon", "style"],
  "key": ["lock", "door", "password"],
  "tennis": ["sports", "balls", "green"],
  "baseball": ["sports", "balls", "MLB"],
  "do_not_litter": ["trash", "bin", "garbage", "circle"],
  "keycap_ten": ["numbers", "10", "blue-square"],
  "police_car": ["vehicle", "cars", "transportation", "law", "legal", "enforcement"],
  "tent": ["photo", "camp", "outdoors"],
  "basketball": ["sports", "balls", "NBA"],
  "bath": ["clean", "shower"],
  "three": ["3", "numbers", "prime", "blue-square"],
  "bathtub": ["clean", "shower"],
  "dollar": ["money", "sales", "bill", "currency"],
  "post_office": ["building", "email", "communication"],
  "battery": ["power", "energy", "sustain"],
  "dolls": ["japanese", "toy", "kimono"],
  "postal_horn": ["instrument", "music"],
  "postbox": ["email", "letter", "envelope"],
  "ticket": ["event", "concert", "pass"],
  "door": ["house", "entry", "exit"],
  "potable_water": ["blue-square", "liquid", "restroom", "cleaning", "faucet"],
  "beer": ["relax", "beverage", "drink", "drunk", "party", "pub", "summer"],
  "doughnut": ["food", "dessert", "snack", "sweet", "donut"],
  "beers": ["relax", "beverage", "drink", "drunk", "party", "pub", "summer"],
  "poultry_leg": ["food", "meat", "drumstick", "bird", "chicken", "turkey"],
  "koko": ["blue-square", "here", "katakana", "japanese", "destination"],
  "pound": ["british", "sterling", "money", "sales", "bills", "uk", "england", "currency"],
  "tm": ["trademark", "brand", "law", "legal"],
  "beginner": ["badge", "shield"],
  "kr": ["korea", "nation", "flag", "country", "banner"],
  "toilet": ["restroom", "wc", "washroom"],
  "bell": ["sound", "notification", "christmas", "xmas", "chime"],
  "lantern": ["light", "spooky"],
  "tokyo_tower": ["photo", "japanese"],
  "bento": ["food", "japanese", "box"],
  "large_blue_circle": ["shape", "icon", "button"],
  "tomato": ["fruit", "vegetable", "nature", "food"],
  "bicyclist": ["sports", "bike", "exercise", "hipster"],
  "dvd": ["cd", "disk", "disc"],
  "large_blue_diamond": ["shape", "jewel"],
  "bike": ["sports", "bicycle", "exercise", "hipster"],
  "e-mail": ["communication", "inbox", "email"],
  "large_orange_diamond": ["shape", "jewel"],
  "top": ["words", "blue-square"],
  "pushpin": ["stationery", "mark", "here"],
  "tractor": ["vehicle", "car", "farming", "agriculture"],
  "birthday": ["party", "cake", "celebration"],
  "laughing": ["happy", "joy", "lol"],
  "put_litter_in_its_place": ["blue-square", "sign", "human", "info"],
  "traffic_light": ["transportation", "signal"],
  "black_circle": ["shape", "button", "round"],
  "question": ["doubt", "confused"],
  "train": ["transportation", "vehicle", "carriage", "public", "travel"],
  "black_joker": ["poker", "cards", "game", "play"],
  "ledger": ["notes", "paper"],
  "train2": ["transportation", "vehicle"],
  "black_large_square": ["shape", "icon", "button"],
  "egg": ["food", "breakfast"],
  "left_luggage": ["blue-square", "travel"],
  "tram": ["transportation", "vehicle"],
  "black_medium_small_square": ["icon", "shape", "button"],
  "eggplant": ["vegetable", "nature", "food", "aubergine"],
  "left_right_arrow": ["shape", "direction"],
  "triangular_flag_on_post": ["mark", "milestone", "place"],
  "black_medium_square": ["shape", "button", "icon"],
  "eight": ["8", "blue-square", "numbers"],
  "leftwards_arrow_with_hook": ["back", "return", "blue-square"],
  "radio": ["communication", "music", "podcast", "program"],
  "triangular_ruler": ["stationery", "math", "architect", "sketch"],
  "black_nib": ["pen", "stationery", "writing", "write"],
  "eight_pointed_black_star": ["orange-square", "shape", "polygon"],
  "lemon": ["fruit", "nature"],
  "radio_button": ["input", "old", "music", "circle"],
  "trident": ["weapon", "spear"],
  "black_small_square": ["shape", "icon"],
  "eight_spoked_asterisk": ["star", "sparkle", "green-square"],
  "leo": ["sign", "purple-square", "zodiac"],
  "rage": ["angry", "mad", "hate", "despise"],
  "black_square_button": ["shape", "input", "frame"],
  "electric_plug": ["charger", "power"],
  "rage1": ["angry", "mad", "ghonly", "hate", "despise"],
  "trolleybus": ["bart", "transportation", "vehicle"],
  "libra": ["sign", "purple-square", "zodiac"],
  "rage2": ["angry", "mad", "ghonly", "hate", "despise"],
  "trollface": ["internet", "meme"],
  "email": ["inbox", "communication"],
  "light_rail": ["transportation", "vehicle"],
  "rage3": ["angry", "mad", "ghonly", "hate", "despise"],
  "trophy": ["win", "award", "contest", "place", "ftw", "ceremony"],
  "blue_book": ["read", "library", "knowledge"],
  "end": ["words", "arrow"],
  "link": ["rings", "url"],
  "rage4": ["angry", "mad", "ghonly", "hate", "despise"],
  "tropical_drink": ["beverage", "cocktail", "summer", "beach"],
  "blue_car": ["transportation", "vehicle"],
  "envelope": ["email", "letter", "postal", "communication"],
  "railway_car": ["transportation", "vehicle"],
  "envelope_with_arrow": ["email", "communication"],
  "truck": ["cars", "transportation"],
  "es": ["spain", "flag", "nation", "country", "banner"],
  "lock": ["security", "password"],
  "trumpet": ["music", "brass"],
  "euro": ["money", "sales", "dollar", "currency"],
  "lock_with_ink_pen": ["security", "secret"],
  "boat": ["transportation", "water", "sailing"],
  "european_castle": ["building", "royalty", "history"],
  "lollipop": ["food", "snack", "candy", "sweet"],
  "raising_hand": ["female", "girl", "woman"],
  "bomb": ["boom", "explode", "explosion"],
  "european_post_office": ["building", "email"],
  "loop": ["tape", "cassette"],
  "book": ["library", "literature"],
  "loudspeaker": ["volume", "sound"],
  "ramen": ["food", "japanese", "noodle", "chipsticks"],
  "tv": ["technology", "program", "oldschool", "show"],
  "bookmark": ["favorite", "label", "save"],
  "exclamation": ["surprise", "punctuation", "wow", "warning"],
  "love_hotel": ["like", "affection", "dating"],
  "twisted_rightwards_arrows": ["blue-square", "shuffle", "music", "random"],
  "bookmark_tabs": ["favorite", "save", "order", "tidy"],
  "recycle": ["arrow", "environment", "garbage", "trash"],
  "two": ["numbers", "2", "prime", "blue-square"],
  "books": ["literature", "library"],
  "low_brightness": ["sun", "afternoon", "warm", "summer"],
  "red_car": ["transportation", "vehicle"],
  "m": ["alphabet", "blue-circle", "letter"],
  "red_circle": ["shape", "error", "danger"],
  "mag": ["search", "zoom"],
  "registered": ["alphabet", "circle"],
  "factory": ["building", "industry", "pollution", "smoke"],
  "mag_right": ["search", "zoom"],
  "u5272": ["cut", "divide", "chinese", "kanji", "pink-square"],
  "mahjong": ["game", "play", "chinese", "kanji"],
  "u5408": ["japanese", "chinese", "join", "kanji", "red-square"],
  "bowling": ["sports", "fun", "play"],
  "mailbox": ["email", "inbox", "communication"],
  "repeat": ["loop", "record"],
  "u55b6": ["japanese", "opening hours", "orange-square"],
  "bowtie": ["face", "formal", "fashion", "suit", "classy"],
  "fast_forward": ["blue-square", "play", "speed", "continue"],
  "mailbox_closed": ["email", "communication", "inbox"],
  "repeat_one": ["blue-square", "loop"],
  "u6307": ["chinese", "point", "green-square", "kanji"],
  "fax": ["communication", "technology"],
  "mailbox_with_mail": ["email", "inbox", "communication"],
  "restroom": ["blue-square", "toilet", "refresh", "wc"],
  "u6708": ["chinese", "month", "moon", "japanese", "orange-square", "kanji"],
  "bread": ["food", "wheat", "breakfast", "toast"],
  "mailbox_with_no_mail": ["email", "inbox"],
  "u6709": ["orange-square", "chinese", "have", "kanji"],
  "feelsgood": ["ghonly", "doom", "oldschool"],
  "rewind": ["play", "blue-square"],
  "u6e80": ["full", "chinese", "japanese", "red-square", "kanji"],
  "bridge_at_night": ["photo", "sanfrancisco"],
  "feet": ["animal", "tracking", "footprints", "dog", "cat", "paw", "pet"],
  "u7121": ["nothing", "chinese", "kanji", "japanese", "orange-square"],
  "ferris_wheel": ["photo", "carnival", "londoneye"],
  "rice": ["food", "china", "asian"],
  "u7533": ["chinese", "japanese", "kanji", "orange-square"],
  "file_folder": ["documents", "business", "office"],
  "rice_ball": ["food", "japanese"],
  "u7981": ["kanji", "japanese", "chinese", "forbidden", "limit", "restricted", "red-square"],
  "finnadie": ["ghonly", "doom", "oldschool"],
  "rice_cracker": ["food", "japanese"],
  "u7a7a": ["kanji", "japanese", "chinese", "empty", "sky", "blue-square"],
  "bulb": ["light", "electricity"],
  "rice_scene": ["photo", "japan", "asia", "tsukimi"],
  "uk": ["british", "england", "union jack", "english", "flag", "country", "nation", "banner"],
  "bullettrain_front": ["transportation", "vehicle", "speed", "fast", "public", "travel"],
  "fire_engine": ["transportation", "cars", "vehicle"],
  "bullettrain_side": ["transportation", "vehicle"],
  "fireworks": ["photo", "festival", "carnival", "congratulations"],
  "meat_on_bone": ["good", "food", "drumstick"],
  "rocket": ["launch", "ship", "staffmode", "NASA", "outer space"],
  "bus": ["car", "vehicle", "transportation"],
  "mega": ["sound", "speaker", "volume"],
  "roller_coaster": ["carnival", "playground", "photo", "fun"],
  "underage": ["18", "drink", "pub", "night", "minor", "circle"],
  "busstop": ["transportation", "wait"],
  "melon": ["fruit", "nature", "food"],
  "memo": ["documents", "stationery", "pencil", "paper", "writing", "legal"],
  "unlock": ["privacy", "security"],
  "fish_cake": ["food", "japan", "sea", "beach"],
  "mens": ["toilet", "restroom", "wc", "blue-square"],
  "rotating_light": ["police", "ambulance", "911", "emergency", "alert", "error", "pinged", "law", "legal"],
  "up": ["blue-square", "above", "high"],
  "fishing_pole_and_fish": ["food", "hobby"],
  "metal": ["fingers", "rocknroll", "concert", "band"],
  "round_pushpin": ["stationery", "location", "map", "here"],
  "us": ["nation", "flag", "american", "country", "banner"],
  "cake": ["food", "dessert"],
  "metro": ["transportation", "blue-square", "mrt", "underground", "tube"],
  "rowboat": ["sports", "hobby", "water", "ship"],
  "calendar": ["schedule", "date", "planning"],
  "five": ["5", "numbers", "blue-square", "prime"],
  "microphone": ["sound", "music", "PA"],
  "ru": ["russian", "nation", "flag", "country", "banner"],
  "vertical_traffic_light": ["transportation", "driving"],
  "calling": ["iphone", "incoming"],
  "flags": ["fish", "japanese", "koinobori", "carp", "banner"],
  "microscope": ["laboratory", "experiment", "zoomin", "science"],
  "rugby_football": ["sports", "team"],
  "vhs": ["record", "video", "oldschool", "90s", "80s"],
  "flashlight": ["dark", "camping", "sight", "night"],
  "vibration_mode": ["orange-square", "phone"],
  "camera": ["gadgets", "photo"],
  "floppy_disk": ["oldschool", "technology", "save", "90s"],
  "minibus": ["vehicle", "car", "transportation"],
  "video_camera": ["film", "record"],
  "cancer": ["sign", "zodiac", "purple-square"],
  "flower_playing_cards": ["game"],
  "minidisc": ["technology", "record", "data", "disk"],
  "video_game": ["play", "console", "PS4", "controller"],
  "candy": ["snack", "dessert", "sweet"],
  "mobile_phone_off": ["mute", "orange-square", "silence", "quiet"],
  "sa": ["japanese", "blue-square", "katakana"],
  "violin": ["music", "instrument", "orchestra", "symphony"],
  "capital_abcd": ["alphabet", "words", "blue-square"],
  "money_with_wings": ["dollar", "bills", "payment", "sale"],
  "sagittarius": ["sign", "zodiac", "purple-square"],
  "virgo": ["sign", "zodiac", "purple-square"],
  "capricorn": ["sign", "zodiac", "purple-square"],
  "football": ["sports", "balls", "NFL"],
  "moneybag": ["dollar", "payment", "coins", "sale"],
  "sailboat": ["transportation", "ship", "summer"],
  "car": ["transportation", "vehicle"],
  "sake": ["wine", "drink", "drunk", "beverage", "japanese"],
  "vs": ["words", "orange-square"],
  "card_index": ["business", "stationery"],
  "fork_and_knife": ["cutlery", "kitchen"],
  "carousel_horse": ["photo", "carnival"],
  "fountain": ["photo", "summer", "water", "fresh"],
  "monorail": ["transportation", "vehicle"],
  "santa": ["festival", "man", "male", "xmas", "father christmas"],
  "four": ["4", "numbers", "blue-square"],
  "satellite": ["communication", "future", "radio", "space"],
  "mortar_board": ["school", "college", "degree", "university", "graduation", "cap", "hat", "legal"],
  "warning": ["exclamation", "wip", "alert", "error", "problem", "issue"],
  "cd": ["technology", "dvd", "disk", "disc"],
  "fr": ["banner", "flag", "nation", "france", "french", "country"],
  "mount_fuji": ["photo", "mountain", "nature", "japanese"],
  "saxophone": ["music", "instrument", "jazz", "blues"],
  "watch": ["time", "accessories"],
  "chart": ["green-square", "graph", "presentation", "stats"],
  "free": ["blue-square", "words"],
  "mountain_bicyclist": ["transportation", "sports", "human", "race", "bike"],
  "school": ["building", "student", "education", "learn", "teach"],
  "chart_with_downwards_trend": ["graph", "presentation", "stats", "recession", "business", "economics", "money", "sales", "bad", "failure"],
  "fried_shrimp": ["food", "animal", "appetizer", "summer"],
  "mountain_cableway": ["transportation", "vehicle"],
  "school_satchel": ["student", "education", "bag"],
  "watermelon": ["fruit", "food", "picnic", "summer"],
  "chart_with_upwards_trend": ["graph", "presenetation", "stats", "recovery", "business", "economics", "money", "sales", "good", "success"],
  "fries": ["chips", "snack", "fast food"],
  "mountain_railway": ["transportation", "vehicle"],
  "scissors": ["stationery", "cut"],
  "checkered_flag": ["contest", "finishline", "rase", "gokart"],
  "scorpius": ["sign", "zodiac", "purple-square"],
  "wavy_dash": ["draw", "line"],
  "cherries": ["food", "fruit"],
  "fuelpump": ["gas station", "petroleum"],
  "movie_camera": ["film", "record"],
  "waxing_gibbous_moon": ["nature", "night", "sky"],
  "moyai": ["stone", "easter island"],
  "scroll": ["documents", "ancient", "history", "paper"],
  "wc": ["toilet", "restroom", "blue-square"],
  "seat": ["sit", "airplane", "transport", "bus", "flight"],
  "children_crossing": ["school", "warning", "danger", "sign", "driving", "yellow-diamond"],
  "game_die": ["dice", "random", "tabbletop", "play"],
  "secret": ["privacy", "chinese", "sshh", "kanji", "red-circle"],
  "wedding": ["love", "like", "affection", "couple", "marriage", "bride", "groom"],
  "chocolate_bar": ["food", "snack", "dessert", "sweet"],
  "gb": ["banner", "nation", "flag", "british", "UK", "country", "english"],
  "musical_keyboard": ["piano", "instrument"],
  "musical_note": ["score", "tone", "sound"],
  "church": ["building", "religion", "christ"],
  "gemini": ["sign", "zodiac", "purple-square"],
  "musical_score": ["treble", "clef"],
  "seven": ["7", "numbers", "blue-square", "prime"],
  "wheelchair": ["blue-square", "disabled"],
  "cinema": ["blue-square", "record", "film", "movie"],
  "ghost": ["halloween", "spooky", "scary"],
  "mute": ["sound", "volume", "silence"],
  "shaved_ice": ["hot", "dessert", "summer"],
  "white_check_mark": ["green-square", "ok", "agree", "vote", "election"],
  "circus_tent": ["festival", "carnival", "party"],
  "gift": ["present", "birthday", "christmas", "xmas"],
  "white_circle": ["shape", "round"],
  "city_sunrise": ["photo", "good morning", "dawn"],
  "gift_heart": ["love", "valentines"],
  "name_badge": ["fire", "forbid"],
  "white_flower": ["japanese", "spring"],
  "city_sunset": ["photo", "evening", "sky", "buildings"],
  "neckbeard": ["nerdy", "face"],
  "ship": ["transportation", "titanic", "deploy"],
  "white_large_square": ["shape", "icon", "stone", "button"],
  "cl": ["alphabet", "words", "red-square"],
  "shipit": ["squirrel", "detective"],
  "white_medium_small_square": ["shape", "stone", "icon", "button"],
  "negative_squared_cross_mark": ["x", "green-square", "no", "deny"],
  "white_medium_square": ["shape", "stone", "icon"],
  "clapper": ["movie", "film", "record"],
  "goberserk": ["ghonly", "doom", "rage", "bloody", "hurt"],
  "white_small_square": ["shape", "icon"],
  "clipboard": ["stationery", "documents"],
  "godmode": ["ghonly", "doom"],
  "new": ["blue-square", "words", "start"],
  "white_square_button": ["shape", "input"],
  "clock1": ["time", "late", "early", "schedule"],
  "golf": ["sports", "business", "flag", "hole"],
  "shower": ["clean", "water", "bathroom"],
  "wind_chime": ["nature", "ding"],
  "clock10": ["time", "late", "early", "schedule"],
  "grapes": ["fruit", "food", "wine"],
  "signal_strength": ["blue-square", "reception", "phone", "internet", "connection", "wifi", "bluetooth"],
  "wine_glass": ["drink", "beverage", "drunk", "alcohol"],
  "clock1030": ["time", "late", "early", "schedule"],
  "green_apple": ["fruit", "nature"],
  "newspaper": ["press", "headline"],
  "six": ["6", "numbers", "blue-square"],
  "clock11": ["time", "late", "early", "schedule"],
  "green_book": ["read", "library", "knowledge"],
  "ng": ["blue-square", "words", "shape", "icon"],
  "six_pointed_star": ["purple-square"],
  "clock1130": ["time", "late", "early", "schedule"],
  "nine": ["blue-square", "numbers", "9"],
  "ski": ["sports", "winter", "cold"],
  "clock12": ["time", "noon", "midnight", "late", "early", "schedule"],
  "grey_exclamation": ["surprise", "punctuation", "gray", "wow", "warning"],
  "no_bell": ["sound", "volume", "mute", "quiet", "silent"],
  "clock1230": ["time", "late", "early", "schedule"],
  "grey_question": ["doubts", "gray", "huh"],
  "no_bicycles": ["cyclist", "prohibited", "circle"],
  "clock130": ["time", "late", "early", "schedule"],
  "no_entry": ["limit", "security", "privacy", "bad", "denied", "stop", "circle"],
  "womens": ["purple-square", "woman", "female", "toilet", "loo", "restroom"],
  "clock2": ["time", "late", "early", "schedule"],
  "no_entry_sign": ["forbid", "stop", "limit", "denied", "disallow", "circle"],
  "slot_machine": ["bet", "gamble", "vegas", "fruit machine", "luck", "casino"],
  "clock230": ["time", "late", "early", "schedule"],
  "small_blue_diamond": ["shape", "jewel", "gem"],
  "wrench": ["tools", "diy", "ikea"],
  "clock3": ["time", "late", "early", "schedule"],
  "no_mobile_phones": ["iphone", "mute", "circle"],
  "small_orange_diamond": ["shape", "jewel", "gem"],
  "x": ["no", "delete", "remove"],
  "clock330": ["time", "late", "early", "schedule"],
  "guitar": ["music", "instrument"],
  "small_red_triangle": ["shape"],
  "clock4": ["time", "late", "early", "schedule"],
  "gun": ["violence", "weapon", "pistol", "revolver"],
  "no_pedestrians": ["rules", "crossing", "walking", "circle"],
  "small_red_triangle_down": ["shape"],
  "yen": ["money", "sales", "japanese", "dollar", "currency"],
  "clock430": ["time", "late", "early", "schedule"],
  "no_smoking": ["cigarette", "blue-square", "smell", "smoke"],
  "clock5": ["time", "late", "early", "schedule"],
  "hamburger": ["meat", "fast food", "beef", "cheeseburger", "mcdonalds", "burger king"],
  "non-potable_water": ["drink", "faucet", "tap", "circle"],
  "clock530": ["time", "late", "early", "schedule"],
  "hammer": ["tools", "verdict", "judge", "done", "law", "legal", "ruling", "gavel"],
  "zero": ["0", "numbers", "blue-square", "null"],
  "clock6": ["time", "late", "early", "schedule", "dawn", "dusk"],
  "notebook": ["stationery", "record", "notes", "paper"],
  "clock630": ["time", "late", "early", "schedule"],
  "notebook_with_decorative_cover": ["classroom", "notes", "record", "paper"],
  "horse_racing": ["animal", "betting", "competition", "gambling"],
  "christmas_tree": ["festival", "vacation", "december", "xmas", "celebration"],
  "fu": ["fuck", "finger", "dislike", "thumbsdown", "disapprove", "no"]
}
