<?xml version="1.0" encoding="UTF-8"?>
<beans xmlns="http://www.springframework.org/schema/beans"
	xmlns:xsi="http://www.w3.org/2001/XMLSchema-instance" xmlns:context="http://www.springframework.org/schema/context"
	xmlns:mvc="http://www.springframework.org/schema/mvc" xmlns:tx="http://www.springframework.org/schema/tx"
	xmlns:p="http://www.springframework.org/schema/p"
	xsi:schemaLocation="
        http://www.springframework.org/schema/mvc
        http://www.springframework.org/schema/mvc/spring-mvc-3.0.xsd
		http://www.springframework.org/schema/beans
        http://www.springframework.org/schema/beans/spring-beans-3.0.xsd
		http://www.springframework.org/schema/context
        http://www.springframework.org/schema/context/spring-context-3.0.xsd
        http://www.springframework.org/schema/tx
        http://www.springframework.org/schema/tx/spring-tx-3.0.xsd">

	<!-- Scans the classpath of this application for @Components to deploy as 
		beans -->
	<context:component-scan base-package="com.sunshine.fusys.controllers" />

	<!-- Configures the @Controller programming model -->
	<mvc:annotation-driven />

	<!-- Enable transaction demarcation with annotations -->
	<context:annotation-config />

	<!-- Forwards requests to the "/" resource to the "welcome" view -->
	<mvc:view-controller path="/"  view-name="redirect:/indexMain/index" />

	<!-- Configures Handler Interceptors -->
	<mvc:interceptors>
		<bean class="org.springframework.web.servlet.i18n.LocaleChangeInterceptor" />
		<mvc:interceptor>
			<mvc:mapping path="/*/*Page" />
			<bean class="com.sunshine.fusys.interceptors.PaginationInterceptor">
				<property name="pageSize" value="15" />
			</bean>
		</mvc:interceptor>
	</mvc:interceptors>

	<bean id="multipartResolver" 	class="com.sunshine.fusys.controllers.CustomMultipartResolver">
		<property name="defaultEncoding" value="UTF-8" />
		<property name="maxUploadSize" value="1000000000000" />
	</bean>

	 <!-- JSON转换器 -->
	 <bean id="mappingJacksonHttpMessageConverter" class="org.springframework.http.converter.json.MappingJacksonHttpMessageConverter">
	  <property name="supportedMediaTypes">
	   <list>
	    <value>application/json;charset=UTF-8</value>
	    <value>text/html;charset=UTF-8</value>
	   </list>
	  </property>
	 </bean>
	
	<bean class="org.springframework.web.servlet.view.InternalResourceViewResolver"
		p:prefix="/WEB-INF/views/" p:suffix=".jsp" />

	<bean id="defaultAnnotationHandlerMapping"
		class="org.springframework.web.servlet.mvc.annotation.DefaultAnnotationHandlerMapping" />

	<bean id="annotationMethodHandlerAdapter"
		class="org.springframework.web.servlet.mvc.annotation.AnnotationMethodHandlerAdapter" />
	
	 <!-- 异常处理器 -->
 	<bean id="exceptionResolver" class="org.springframework.web.servlet.handler.SimpleMappingExceptionResolver">
        <property name="exceptionMappings">
              <props>
                  <prop key="java.lang.Exception">Exception</prop>
            </props>
        </property>
    </bean>
</beans>