<?xml version="1.0" encoding="UTF-8"?>
<beans xmlns="http://www.springframework.org/schema/beans"
	xmlns:xsi="http://www.w3.org/2001/XMLSchema-instance" xmlns:context="http://www.springframework.org/schema/context"
	xmlns:mvc="http://www.springframework.org/schema/mvc" xmlns:tx="http://www.springframework.org/schema/tx"
	xmlns:aop="http://www.springframework.org/schema/aop"
	xsi:schemaLocation="
		http://www.springframework.org/schema/beans
        http://www.springframework.org/schema/beans/spring-beans-3.0.xsd
		http://www.springframework.org/schema/context
        http://www.springframework.org/schema/context/spring-context-3.0.xsd
        http://www.springframework.org/schema/tx
        http://www.springframework.org/schema/tx/spring-tx-3.0.xsd 
        http://www.springframework.org/schema/aop 
        http://www.springframework.org/schema/aop/spring-aop-3.0.xsd">
	
	<context:component-scan base-package="com.sunshine.fusys.services" />
	<context:component-scan base-package="com.sunshine.fusys.listener" />
	<!--配置和创建jdbc数据源 -->
	<context:property-placeholder location="classpath:jdbc.properties"  ignore-unresolvable="true" />

	<bean id="dataSource" class="com.mchange.v2.c3p0.ComboPooledDataSource">
		<property name="driverClass" value="${driverClass}" />
		<property name="jdbcUrl" value="${url}" />
		<property name="user" value="${username}" />
		<property name="password" value="${password}" />
        <property name="acquireIncrement" value="${acquireIncrement}" />  
        <property name="acquireRetryAttempts" value="${acquireRetryAttempts}" />  
        <property name="acquireRetryDelay" value="${acquireRetryDelay}" />  
        <property name="autoCommitOnClose" value="${autoCommitOnClose}" />  
        <property name="breakAfterAcquireFailure" value="${breakAfterAcquireFailure}"/>  
        <property name="checkoutTimeout" value="${checkoutTimeout}" />  
        <property name="initialPoolSize" value="${initialPoolSize}" />  
        <property name="maxIdleTime" value="${maxIdleTime}" />  
        <property name="maxPoolSize" value="${maxPoolSize}" />  
        <property name="maxStatements" value="${maxStatements}" />  
        <property name="maxStatementsPerConnection" value="${maxStatementsPerConnection}" />  
        <property name="numHelperThreads" value="${numHelperThreads}" />  
        <property name="propertyCycle" value="${propertyCycle}" />
	</bean>

	<!-- myibatis配置，使其支持注解和配置文件形式 -->
	<bean id="sqlSessionFactory" class="org.mybatis.spring.SqlSessionFactoryBean">
		<property name="dataSource" ref="dataSource" />
		<property name="configLocation" value="classpath:mybatis.xml" />
		<property name="typeAliasesPackage" value="com.sunshine.fusys.models" />
		<property name="mapperLocations" value="classpath:mybatis-mapping/*mapper.xml" />
	</bean>

	<bean class="org.mybatis.spring.mapper.MapperScannerConfigurer">
		<property name="basePackage" value="com.sunshine.fusys.mappers" />
	</bean>


	<bean name="transactionManager" 	class="org.springframework.jdbc.datasource.DataSourceTransactionManager">
		<property name="dataSource" ref="dataSource"/>
	</bean>

	<!-- ================================事务相关控制 一================================================= -->

	<!-- 使用spring全注解方式管理申明式事务 但数据表引擎必须为InnoDB -->
	<!-- <tx:annotation-driven transaction-manager="transactionManager" /> -->

	<!-- ================================事务相关控制 二================================================= -->
	<!-- 开启AOP监听 指定使用aspectj方式 -->
	<aop:aspectj-autoproxy proxy-target-class="true" />
	
	<tx:advice id="userTxAdvice" transaction-manager="transactionManager">
		<tx:attributes>
			<tx:method name="delete*" propagation="REQUIRED" />
			<tx:method name="insert*" propagation="REQUIRED" />
			<tx:method name="update*" propagation="REQUIRED" />
			<tx:method name="add*" propagation="REQUIRED" />
			<tx:method name="save*" propagation="REQUIRED" />
			<tx:method name="find*" propagation="REQUIRED" read-only="true" />
		</tx:attributes>
	</tx:advice>
	
	<aop:config proxy-target-class="true">
		<aop:pointcut id="pc" expression="execution(public * com.sunshine.fusys.services..*.*(..))" />
		<aop:advisor pointcut-ref="pc" advice-ref="userTxAdvice" />
	</aop:config>
</beans>